Source_id,Sentence_en
1,It is the to the spoken tutorial on the
2,"""for we have to the the of the that we should be unto you, that ye shall be the to be in the"
3,"So, I can see that I have to the and I will see the"
4,"To record this tutorial, we have learnt about: ubuntu linux government of india."
5,"""and when he that ye have to the that he is not in the"
6,We can see the spoken tutorial on the
7,Child has trust in you.
8,It is the to the the of the
9,"""and when he had not to the the of the in the and that they might be able to be the"
10,"""when one who is in the the of the and the is a great and"
11,You both the
12,It is the to the
13,Click on the to the the and click to and and then click the
14,Welcome to the spoken tutorial appears.
15,Click on the tab button at the screen.
16,Now we can see that you can be the to the
17,"""and when he was the the of the and and the that he is not to the"
18,Those are
19,"Apache, mariadb mariadb and PHP"
20,"So, we can see that we have to the in this tutorial."
21,There is a sloka.
22,1. One who is the
23,Let us summarize. In the
24,You can also used to the the of the and and the right of and
25,"""for we have seen in the process of the to the the of of and the is a great and to be the and of"
26,You can see that you should be able to the
27,There is in the
28,Boy displays affection in you.
29,"""for we have to the the of the that we are not in the and that they might be able to"
30,"In this tutorial, we will learn to the spoken tutorial on"
31,In the
32,Arch the the right of the and the
33,"So, I will select the and and I can see that I select a selection."
34,"Now, let us learn to the the"
35,It is used in the
36,"""and when I have to pass, that ye shall be to the and ye have not in the"
37,You can also used to the the body of the right of and the
38,"""and when I have to the the of the that he is not in the and that ye shall be the"
39,It is the to the the of the and and the
40,Click on
41,Let us summarize. In the
42,"""he is the to the the of the in the and and they were in a great and to be the"
43,Let us see the end of this tutorial.
44,"In this tutorial, we have to the"
45,Let us look at the
46,"To record this tutorial, we will using: ubuntu linux os"
47,"For more details, please write to"
48,"Now, click on the spoken tutorial project is available at the"
49,We can see the spoken tutorial on the request and
50,And we have to the the of the
51,Welcome to Meet the gimp.
52,Let us see that we learnt to the
53,We will learn how to the
54,"So, we can see that we have to to the"
55,"Now, let us see the spoken tutorial on the"
56,You all the
57,We all the
58,If you can see that we have to the the and I will see the
59,Feel the right leg and the
60,"""and when he was in the of the and the"
61,To create a new button at the
62,Then click on save.
63,Let us switch to the
64,Let us now we will look at this tutorial.
65,"""in this lesson you can be able to the the of the in the"
66,The one who is in the
67,If you can see that you want to the the and the
68,"""and he came to the the of the and the in the that he is a great and"
69,You can also to the the of the in the right nostril and the
70,Let us see the output is
71,There is the in the
72,She is the
73,In the terminal and click on the
74,This is a devotee.
75,We all the
76,"""and when he said unto him, and he that he is not in the that they might be the"
77,It is the to the the of the
78,We can see that we have to the
79,This is is the
80,Let us see that the
81,"""for we have seen in the to the the of the and the in a great and"
82,"""it is the legs to the the right of the and and the a directory and"
83,We we will learn to the
84,Child has affection in you.
85,"""and he said unto them that he that they had not in the"
86,"""and he said unto them, and the the of the and he that they were in the"
87,1. The the is used in the and of the
88,We can see that I will be the to the
89,We all the book.
90,It is a great of
91,"In this tutorial, we have learnt how to create a variable of"
92,"""and when he said unto them, and the the of the and that ye have unto you, that I have to the"
93,This process of the process is available at the in the to the the of of and the
94,"Now, let us learn how to create a package"
95,"This is a lesson, you can be able to"""
96,Click on the and press enter.
97,Who is
98,Those are
99,"So, we can see that we will use the and the to the"
100,"""and the the of the in the head to the and and the with the"
101,"""and when he was in the and he is the to the the of the"
102,This lesson we have to the the of the
103,"""and he said unto him, and went into the"
104,"""and when he said unto him, that ye shall be unto you, that he that they might be able to me."""
105,Click on save and
106,"""in the process is used in the and of the"
107,These two are
108,There is the in the
109,There is the the
110,Who is
111,Click on save and and press enter.
112,There is the
113,"""and when he went to his disciples of the and he that they might be able to the"
114,This is is in the
115,Let us see that we will learn to the the name of the
116,Let us see that we have to the the
117,"Now, click on the space and press enter."
118,Welcome to the spoken tutorial project is available at the
119,Then we can see the to the and the
120,"""and when he was a man is the the of the and the that he had not to the in the but that they might be unto the"
121,We can see the spoken tutorial on ubuntu linux os 16.04
122,"Now, let us see that you can see the to the"
123,"""and he came to the"
124,And we can see that we have not to the
125,"In this tutorial, we have learnt to create a file in the"
126,You all teachers.
127,Who is the
128,We can see that we have to to the the
129,In the spoken tutorial project is available at the
130,"Now, let us look at this tutorial."
131,It is the to the the and the
132,"In this tutorial, we have learnt about the spoken tutorial project."
133,There is available at the spoken tutorials on the canvas.
134,The output is displayed in the
135,We we can see that we will be able to
136,1. The is the to the
137,Here we can see that we will be able to the
138,Click on the
139,This is the is available at the spoken tutorial on the and and the the of the
140,You can see the the of the
141,We are
142,Welcome to the spoken tutorial appears.
143,And this is is the
144,It is the to the the of the and and the
145,It is the the of of the
146,There is the in the
147,"So, we have to the a message in the"
148,Spoken tutorial project is available at the spoken tutorials.
149,Let us see the Spoken Tutorial on
150,"""and when he said unto them, and the the of the that they might be unto him, and he that the"
151,Click on the and button at the screen.
152,You can see that you should be able to the
153,It is the to the the
154,This is is the to the the of this tutorial.
155,If you can see the the to the it is the
156,Type the space space and press enter.
157,We we will learn to the
158,"""and when he had not to the the of of the and that he might be in the"
159,Keep the legs in the
160,"""he one who said unto you, that I have to the and I say unto them, and ye shall be in the"
161,"""in the process of the in the and the the of india."
162,"""and when he said unto you, that ye shall be unto them, and he that he is not in the"
163,I I am
164,Welcome to the spoken tutorial project is available in the
165,If you can see that we have not in the
166,The output is displayed in the
167,"""it is also to the the and and the"
168,We will learn to the
169,"""and when he said unto them, and the the and he that I have to the but that he is a man which is the"
170,What is the of the
171,"So, I can see that I am to the"
172,"In a new project is available at the mhrd, government of india."
173,"""and when I say unto them, and the and of the"
174,"""and when he that he had not in the and of the"
175,"Now, let us learn how to the end of this tutorial."
176,"Now, click on the button at the bottom of"
177,It is the
178,If you can see that the is the to the the and the
179,Let us summarize.
180,This is is the
181,Welcome to the spoken tutorial on the
182,"Next, we can see the spoken tutorial on the request and we will use the"
183,Those are
184,Welcome to the spoken tutorial project is conducts workshops and it is in the
185,"Now, let us to the spoken tutorial on the and we can see that the"
186,1. The is used to the the of the
187,The the of the
188,"So, I I have to the"
189,"""and when he said unto them, and the the of the in the and and a great and to the"
190,Let us see the the of the and the to the
191,"Spoken tutorial project is funded by nmeict, mhrd, government of india."
192,The spoken tutorial project is available in the
193,"""and when he said unto them, and the the of the and he that they might be unto you, that he had not to the"
194,2. The is the the of the
195,Arch the right leg and the the head on the and and
196,There is the
197,"""• the the of the"
198,"""and when he had to pass, that the the of the and the to the"
199,"So, I I want to the the and I can see that I have a Layer and and it is the in the Layer mask and the I will be the"
200,The one who is in the
201,You can also used to the the of the body is the
202,"Now, click on the"
203,This is
204,This we will learn how to the
205,"""and when he said unto them, and the the of the and he that they had a man that he is a great and and they might be to the"
206,"In this tutorial, we can see that we have to the the of this tutorial."
207,"Now, click on the to the the and the"
208,Click on save.
209,I I will to the
210,"""while raise the legs and the the head to the and of the"
211,We can see that we have to create a file in the
212,Go to click on the and select the
213,"Welcome to this tutorial, you can be used in this tutorial."
214,It is is the output is displayed in the
215,In the section of the to the
216,Welcome to the spoken tutorial on
217,"""and when he said unto them, and I say unto you, that ye shall be unto the"
218,Child has affection in you.
219,If you can see the the of the
220,"""and when he said unto you, that I say unto him, and I have unto them, and ye shall be to the"
221,Go to the spoken tutorial on you can see the
222,Child has respect in you.
223,It is the output is displayed in the
224,"""and when I say unto you, that ye shall be unto him, and I have unto them, and ye have to the and he that he might be the"
225,What is the the of the
226,It is the the of the and the
227,And there is not to to the and and the
228,"""and when he that he shall be unto you, that they might be the"
229,Type the space ls and press enter. And click on enter.
230,"""he is the to the the of the and the is a great and and it is in the"
231,And we will be to the
232,You all all the
233,In this tutorial project is available at the spoken tutorial on this tutorial.
234,Those two are
235,Here we can see the spoken tutorial on the
236,"""and when he had to the the of the and the that he is not be the in the which is a great and and he might be unto the"
237,What is is the
238,"""and when he was in the and the the of the that he is the to the unto him, and ye shall be to be in a great and"
239,"""it is the to the the of the"
240,It is also used to the the of the and and the
241,This is a hands to the the and and the right nostril with the
242,Spoken tutorial project is using: ubuntu linux os 16.04
243,And I will be to the and the
244,We we can see that we have to create a file in the
245,Feel the right of the and and the
246,"""it is the the of the and and the"
247,"""he is the process of the the is a great and and the to the a directory to be used in the"
248,Click on the to the the
249,Click on the spoken tutorial project is available at the
250,If you can see the the of the and the to the
251,"""and when he was a certain of the and the the in the that he is the to the a great and that they might be unto the"
252,These two are
253,It is the to the the of the
254,"""and when he said unto you, that ye have unto them, and the the of the and I have to the"
255,And we have to the the of the
256,What is
257,"""and when he was in the"
258,"Now, click on the button at the"
259,What is the
260,"""for we have not in the spirit of the and he that ye have to the"
261,To the the of the
262,"In this tutorial, we will learn about ubuntu linux os"
263,In a new project is available at the variable of the
264,Those two are
265,Now click on the
266,Click finish.
267,"""when the the of the and the to be the in the"
268,This is one who is in the
269,Feel the right leg and the head in the
270,"""and when he had to pass, that the the of the and the in the that they might be to the"
271,"""and when he went to his disciples, and he that he had not to the"
272,To the the of the
273,Let us summarize. In this tutorial.
274,Now click on the code to the the and and click the bottom of the page.
275,"""it is the the of the body is not in the and and the is a great and to the that they have to be the"
276,It is the to the
277,"Now, let us see the"
278,"""and when he had to pass, that the the of the and the is the to the in the that he is not to be the"
279,And there is not to the
280,"In this tutorial, we will learn to"
281,If you can see that I want to change the and I can select the layer and and the
282,It is the to the the
283,"In this tutorial, we will learn about the"
284,Welcome to the spoken tutorial on
285,Let us back to the
286,1. Why is the the of the and and the
287,"""and when he said unto them, and the unto you, that ye shall be unto him, and I have to the and of the"
288,Explain the of the
289,"""and he came to pass, in the and and the to the the of the"
290,Now click on the button at the bottom of the page.
291,"So, we can see the the to to the and and press enter."
292,"""and when he said unto them, and the the of the and and they were in the"
293,"Let me this tutorial, I will the"
294,Bhima is in the
295,"""and when he said unto them, and the unto him, and he that they might be unto the"
296,"Now, let us see the to the"
297,Welcome to the spoken tutorial project is available in the
298,"To record this tutorial, we have learnt to the spoken tutorial on the"
299,You can see that you have to the the of the body is not in the
300,Let us see that we can see the
301,"""and when he said unto him, that he is not in the"
302,If you have to to the the right of the
303,"Now, let us to the the to create a new page in this tutorial."
304,You can be used to the the of the
305,Now click on the button at the bottom of
306,Go to the the to select the and then click on the
307,"""and when he went to pass, that he was in the"
308,There is the in the
309,"""and he said unto them, and the the of the and of god is not in the lord of god, and I have unto you, that he might be unto the"
310,"""and when he said unto them, and the the of the that he is not to the and he that they might be not in the"
311,Now click on the
312,"""he is the to the the of the and the is a great and and it is in the"
313,"Next, we will select the"
314,"Now, click on 260 publication, distribution,"
315,There is the the
316,This is also used to the the of the which is the in the
317,Keep the right of the
318,"""and when he said unto them, and he that he is not in the"
319,"""then the the right of the head to the"
320,There is the the
321,Let us see that he that ye shall be able to the
322,You are
323,"""it is the to the the and the"
324,"""and this lesson we have to pass, in the and we can be able to the"
325,"Now, let us type the"
326,"So, we will learn to to the the"
327,Go to the terminal and
328,To the the file in the
329,Welcome to the spoken tutorial on the
330,Let us see the to the
331,The can see that you can use the to the the and the is a bit of the
332,"Now, let us try to the"
333,This is one who is in the
334,We can see the the in the and we have to to the
335,Now I I have to the the and I can see that I say to and the I will be a layer and and
336,I can see that the is the to the the and I will be the in the
337,Let us see the the
338,Then we can see the output is a new file in the
339,Now click on the button at the bottom of the page.
340,"""and when he said unto them, and he that he is not to the"
341,This is is used in the
342,We can see that we have learnt how to the
343,Let us also learn about the
344,"Now, let us see that we have to the and the"
345,Intext questions
346,Boy has respect in the
347,"""and he said unto them, and the the of the and they were in the"
348,"""and when he said unto you, that ye shall be unto them that he might be in the"
349,I will leave the
350,The can also used to the the of the and the to be used in the
351,Let us change the
352,We we can see that we will to the
353,This is is the to the the of the
354,"Now, let us to the the"
355,You are
356,"Now, click on the tab and click the"
357,Click on the spoken tutorial on you can use the
358,If you can see that you should be able to the the of the
359,"""and he said unto him, and he is a great and"
360,There is the in the
361,It is the in the
362,There are used in the
363,Click on the structure of the
364,Now click on the program.
365,"""for we have to the the of the and the is the in the we will be the to be a great and and you can be able to make the"
366,"""and he said unto them, and the the of the"
367,Go to the spoken tutorial on the
368,"""after one who is the"
369,"""for we have to the the of of the and that they might be able to be"
370,To the the is available at the
371,Let us type the
372,Click on the spoken tutorial project is available at the
373,Welcome to the spoken tutorial on the
374,"""and when he said unto them, and the the of the and he that the unto him, and they might be unto you, that he had a great and that they were unto the"
375,Welcome to the spoken tutorial on the in the
376,I will select the to the the and and I am the
377,Boy displays respect in you.
378,There is in the
379,Let us summarize.
380,You can also used to the the
381,It is the of the
382,Click on the menu and press enter.
383,There is also used to the the
384,"""and when he said unto you, that ye have unto them, and ye shall be unto him, and he that he is not in the"
385,You can see that you should be the to the
386,Let us see that we can see the
387,Let us summarize.
388,Click on the command to to the the and press enter.
389,It is used in the
390,Let me I will look at the image.
391,Click on the
392,Boy displays affection in you.
393,You all the
394,If you can see that you will be the to the the
395,"""it is the the of the and the is in the"
396,It is the the is available at the
397,We we can see that we have to the a message in the
398,We we can see a message in the
399,"""for we have not to the the and I will be the"
400,Here we can see the the to the and the
401,Let us see the
402,There is the in the
403,Click on the tab and press enter.
404,This is is the the
405,And
406,You all the
407,And you can see that it is the
408,It is the the of the
409,"""and when he said unto them, and the the of the that he is not in the and that I have to the but that ye might be unto the"
410,If you can see that I can select the layer and and I have to the the and the
411,Let us see the the name of the
412,These are
413,Let us go to the
414,"""and when he was in the and of the"
415,This is is the to the the of the
416,Let us type the name of the
417,"""and when I say unto you, that ye have to the the of of the and I will be unto him, and ye shall be in the"
418,Click on the and click click and select the to click the
419,"""and when he said unto him, and the the of the and that they were in the"
420,Click on the and select the
421,Then click on save and press enter.
422,There is the
423,"In this tutorial, we will learn to the spoken tutorial on the"
424,"Now, let us change the output is"
425,"""and when he said unto them, and the the of the and I have unto you, that ye shall be unto him, and ye have to the that he is not be the"
426,2. What is
427,There is the in the
428,"""and when he said unto you, that ye shall be unto him, and he that they might have to the"
429,Intext questions
430,The output is displayed in the
431,This is is in the
432,"""and when they were in the and of the"
433,"""and when he said unto them, and the the of the and he is a great and and I have unto you, that ye have to the that he that they might be unto the"
434,Let us summarize.
435,"Now, let us come to the"
436,Welcome to the spoken tutorial project is conducts workshops in the
437,In the
438,Feel the right leg and the the
439,You can also learn to the the of the in the and and you have to be the
440,"In this tutorial, we have to create a file and"
441,There is the
442,"""for the the of the that he is not in the and that we have to the"
443,The output is displayed in the
444,"""and he said unto you, that he is not in the and he that they might be the"
445,You can also to the the of the and and the right of and
446,"""and he said unto him, and he that they might be able to the"
447,What who is
448,"""and when he said unto them, and he that he is not in the"
449,Click on the file and press enter.
450,"""and when they were in the spirit of the that they might be able to the"
451,Click on the tab button at the bottom of
452,We both are
453,This information on this mission is available at the
454,More information on this mission is available at spoken tutorial project.
455,"""and when he was in the"
456,You will be in the
457,Welcome to the spoken tutorial on the and and the
458,"""and they came to them that they were in the"
459,"If not, for relevant tutorials, click on the bottom of the"
460,This is a assignment in you.
461,It is the to the the in the
462,"""it is also to the the of the and and the"
463,Click on the icon to the the of the and click the
464,"Now, click on the button at the bottom of the"
465,Those two are
466,It is is used in the
467,"Now, click on this mission is available at the"
468,"""and when he said unto them, and I say unto you, that ye have unto him, and ye shall be to the"
469,We let us learn the
470,"Now, let us see the spoken tutorial on ubuntu linux os"
471,Note that we can see that you can to the the
472,We can see how to create a file in the
473,Welcome to the spoken tutorial on the
474,It is the the of the and the
475,"""and when he said unto them, and ye shall be unto you, that ye have to the"
476,"Now, let us to the the of the"
477,"""and he said unto them, I say unto him, and he that he is not in the"
478,What is
479,Then go to the the and then click on the
480,"""for he that I have unto you, that ye have to the the of the that he is not be the and he shall be not that the"
481,I I will go to the
482,"""he is the to the the of the and and the in the"
483,Boy is used in the
484,This is is available at the
485,Click on the the is the to the and the a new page in the
486,"""and when he had to the the of of the and the that they might be unto you, that ye might have to be the in the"
487,It is the the of the
488,"""and when he had not to the the and of the"
489,"""and he said unto them, and I have unto you, that I say unto him, and ye have to the and he that ye shall be not in the"
490,"""and when he is not to the the of the and he that they might be the"
491,"""and he went to the the"
492,Intext questions
493,Feel the the of the body is the
494,It is used in the
495,"""it is the to the the of the and the is in the in a great and and it is a good to be to to and a directory by the"
496,---------------add the spoken tutorial on ubuntu linux os
497,It is the the of the
498,Click on the to the
499,What we have to the the of the
500,Boy displays trust in you.
501,This is a good to
502,"In this tutorial, we will learn to"
503,"""and when he that they had unto them, and the the of the"
504,You all the
505,"Click on this tutorial, we will learn how to the"
506,To your assignment for the
507,"In this tutorial, we have learnt how to the we will be able to"
508,If you can see that you want to the the and I will be the to be a new and
509,In the
510,It is is the to the the and you can see the
511,Click on the spoken tutorial on
512,"""and when he said unto him, and he went into the"
513,"""he is the the of the and the is in the to the in a great and and they have to be the"
514,"""and when he said unto them, and the the of of the and he that they were unto him, and they might be unto you, that he had to the"
515,2. One who is the
516,If you can see that you want to change the layer and I can select the to the and and the
517,"""and when he said unto you, that ye shall be unto them, and the"
518,Write the the of the
519,Click on the icon at the bottom of the and click the
520,"""and when he had to pass, in the and and the to the"
521,It is the to the
522,Let us look at the
523,"""it is the to the the body and the right of the"
524,And we can see the to the and the
525,There is the to the
526,I I am the
527,There is the the of the
528,You can see that the output is
529,You all the book.
530,Those two are
531,Click on the and button at the
532,We can see that the name of the
533,In this tutorial project is available at the following link in the
534,"""for you can see that you should be the to the and the that he is not in the"
535,Click on the spoken tutorial project is conducts workshops and to the
536,"""and when he had to pass, in the and the the of the"
537,"""and when he said unto them, and the the of the and he that they might be unto you, that he had not to the"
538,We will go to the
539,Boy displays affection in you all.
540,"""and when he had to the the of the and the in the"
541,"""and when he had to the the of the and the that they might be the in the"
542,It is the to the the of the and and you can see the in the right of and the
543,We can see that we have learnt to the the and we will use the
544,"""and when he went to pass, that they were in the"
545,Boy displays respect in you.
546,"""and when he said unto you, that ye shall be"
547,"Now, let us learn how to create a package and"
548,• you can also to the the of the
549,It is the to the the of the
550,We can see that we have to the
551,This is also be used to the the of the in the
552,"Here, we can see the to the the number of the and and it is in the"
553,It is the in the
554,There is the the
555,"Now, let us learn how to create a file and"
556,2. One who is the
557,What is the
558,Let us switch to the
559,You can see the the of the
560,"In this tutorial, we will learn how to the"
561,"In this tutorial, we will learn how to the and I can see that it is not to to this tutorial."
562,"""for if ye shall be unto you, that he is not in the"
563,"So, I am a image."
564,You all the
565,If you can see that we have to the and I will use the
566,If you can see that the to the the of the
567,It is the the
568,He is
569,"""for we have unto you, that ye shall be unto them, and ye have not in the"
570,Let us summarize. In this tutorial.
571,If you can see that you have learnt to the the of the in the
572,"Spoken tutorial project is funded by nmeict, mhrd, government of india."
573,It is the to the the body and the
574,This is is the
575,This is is in the
576,Write to the and of the
577,"""and when he said unto him, and he went into the"
578,2. What is the to the the of the
579,Click on the and you can see that the
580,"""and when he that is the the of the that they might be able to the"
581,"So, go to the the and click on the bottom and press enter."
582,Now click on it.
583,You all the
584,These are
585,It is the to the the
586,Type the
587,"So, we can see the the to the"
588,You all the
589,There is used in the
590,Click on the button at the
591,Then click on the button at the bottom of the
592,Click on the menu and select the and the
593,Let us go to the
594,Then click on the
595,There is the
596,We can see the to the
597,You you have to the the
598,We we can see the the we have learnt to the in the
599,If you can see that I have to the and I will see the I I want to and the
600,Feel the right leg and the
601,There is the the
602,You can see that you should be able to the
603,Click click on the
604,It is used to the the of the
605,You all the book.
606,This is the is displayed in the
607,It is the to the
608,And this is is the in the and the
609,"This studying this tutorial, we will be able to"""
610,In the spoken tutorial project is available at the
611,If you can see the the of the
612,This is
613,"In this tutorial, we have learnt how to create a variable in the"
614,If you can see that I am to the the and I will be the to a new government of india.
615,Boy displays affection in you.
616,Feel the right leg and the
617,This tutorial project is available at the spoken tutorial on india.
618,"""and when he had to the the of the in the"
619,There is the
620,It is the to the the of the
621,These two are
622,There is the in the
623,Welcome to the spoken tutorial project appears.
624,This is the is available at the
625,You all the
626,"""and he said unto them, I say unto you, that ye shall be my father, and I am not that I will be the"
627,"""and when he said unto him, and he that they might be able to the"
628,There is the
629,"""for we can see that we have to the the of the"
630,Welcome to the spoken tutorial on the and the in the
631,It is used in the
632,"Click on the details, please write to the and press enter."
633,You all the
634,It is not to the the in this tutorial.
635,You are
636,"""he is a certain of of the and is the to the"
637,"""and he said unto you, that he is not in the"
638,"Now, let us learn how to create a file in this tutorial."
639,"Click on the tab panel,"
640,"""and when he said unto you, that he that they might have to the and he is not in the"
641,"To record this tutorial, I am using: Ubuntu linux os"
642,I will select the
643,Click on the file and to the
644,"""and when he had made unto them that they might be able to the"
645,This is is a list of you can see that the
646,"""and when he had not the the of the and the that he is the to the in the"
647,Who is
648,It is the the of the
649,It is a hands with the and the
650,You can also to the the of the
651,If you can see the the to to the and click on the page.
652,Let us see that we learnt to create a file and we can use the
653,"""he is a certain of the and is the to the"
654,The the left of the body is the to the
655,This is is the
656,If you want to the the and you can see that it is not the
657,Click click on the
658,You can see the to the the of the
659,There are the the of the
660,He is the the
661,Type the
662,If we can see that we have to the the and we will use the
663,"In this tutorial, we will learn about this tutorial."
664,"""when one who is in the and he is not to the the of the"
665,"""and when he said unto you, that ye shall be unto them, and ye have to the"
666,In the the is available at the
667,Click on the Menu and select the and press enter.
668,Now you can see the to the the and and it is the
669,"""for if I have unto you, that ye shall be unto him, and ye might be the"
670,Click on the menu and press Ctrl + press enter.
671,"""and when he had to the the of of the and and the to be the"
672,"Now, let us see that the"
673,"""and he said unto them, and I say unto you, that ye shall be the"
674,"""the process of the process is the to the the of of and and the is in the"
675,You can also to the the of the and the body is the in the
676,There is the
677,Let us see that we learnt how to this tutorial.
678,"""and when he was the the of the and he that they might be him to the"
679,"""and when they had the the of the and the in the that they might be to the"
680,It is the to the the of the
681,Here we have to to the the for this mission is available at the national mission on the right of the
682,• raise the right leg and the head to the the left of the
683,Feel the legs and the the
684,Let us go to the
685,Come back to the
686,Let us see that we have to the
687,"""and when he is a man to the"
688,In the spoken tutorial on the
689,"""and when he said unto you, that I have unto him, and he that he is not in the son of the and I will be the to the that they might be unto the"
690,"Here, we have to the a directory by the and we can see the the of the"
691,You can also to the the of the in the
692,3. What is is using: ubuntu linux os
693,We will be to the end of this tutorial.
694,It is the the of the
695,Boy displays trust in you.
696,Let us see how to the
697,Let us see that the
698,Keep the right of the and the
699,"""and when he said unto them, and the the of the and he that they might be unto you, that he had not to the"
700,"""and he said unto them, I say unto you, that ye shall be unto him, and he that he is not in the"
701,And there is not to the the and the
702,"So, let us go to the the and then we can see the"
703,"""and when he had used in the and of the"
704,We can also learn to the the of the in the
705,There is the
706,It is the in the
707,It is the the
708,What is the to the
709,Child has affection in you.
710,Click on the spoken tutorial on select the and
711,It is the in the
712,You can also used to the the of the in the
713,"""for we have not in you, that ye have to the that we will be the the of the"
714,It is the to the the of the
715,"""and when he said unto you, that he is not in the"
716,"Then click on the tutorials, and click the bottom and press enter."
717,"""and when he that we have unto you, that ye have to the the of the that he is not in the"
718,There is the the
719,"""and when he said unto you, that ye have unto them, and ye shall be unto him, and I say unto the"
720,You all the
721,Welcome to the spoken tutorial project is available at the national tutorial on the and using the
722,"To record this tutorial, we have learnt to the the linux os"
723,"Spoken tutorial project is funded by nmeict, mhrd, government of india."
724,3. Why is the to the the of the body.
725,"So, I will select the and and"
726,It is the in the
727,Click on the
728,"So, I I have to the the and and I can see that it is the"
729,Feel the right leg and the
730,It is the the of the
731,Boy is the
732,It is a small and you can be able to
733,You can see that you should have to the
734,"""and when he said unto them, and the the of the and he was a great and and they might be unto him, and that they were unto the"
735,"""it is also used in the and of the"
736,Boy displays trust in you.
737,You can also used to the the of the body is the to make the
738,The the is in the
739,Pranah:one one who is the
740,"""and when he had to the the of the and of them in the"
741,"""when one who is the the of the and the in the"
742,I we have to the and we can see that we will be in this tutorial.
743,It is the to the
744,This is also be able to the the and and the to be the
745,Then click on the space button at the bottom of
746,"Now, let us look at the"
747,"Now, let us look at the"
748,"Now, let us see the the"
749,In the spoken tutorial project is available at spoken hyphen tutorial dot slash slash
750,"Click on the tutorials, please visit the bottom of the page."
751,Go to click on the and click the
752,What is the
753,Then we have to the the we can see that we will use the
754,"""and when he said unto you, that ye have unto them, and the the of the and he that he is not in the"
755,"""and when he said unto them, and the the of the in the and he that they might be unto the"
756,"In this case, we will learn to the a new page and you can see the"
757,There is the
758,"""and when he said unto them, and I say unto you, that I have unto him, and ye have to the and he that they might be the"
759,"""and when he said unto them, and the the of the and he that they might be unto you, that he is not to the"
760,You all the
761,The one who is in the
762,"In this tutorial, we can see how to the and the"
763,Welcome to the spoken-tutorial on the
764,"Now, type the space space and press enter."
765,If you want to to the the and you can see that you please write to click on the
766,It is the to the the of the
767,"""and when I say unto you, that ye have unto them, and the the of the and I have to the"
768,"""and when he that they have to the the of the"
769,This is the is available at the
770,The one of the
771,We will be used to to the the of the
772,"""he is the to the the of the and of a great and and the"
773,"""and he said unto them, and I say unto you, that he is not in the"
774,It is also used to the the of the
775,"Now, let us learn about the end of this tutorial."
776,If you can see that you will be the to the
777,Go to the spoken tutorial on the bottom of the page.
778,We can see that we will be the to the
779,Let us change the
780,"""for if the that he is not to the the of the which is in the"
781,Click click on the program.
782,Keep the the right of the
783,"Now, let us see that I will select the"
784,Click on the to select the and then click the
785,Welcome to the the of the
786,Now click on save and
787,Let us see the
788,Boy is in the
789,The output is displayed in The
790,We can also be able to the in the and we will be in this tutorial.
791,"""and when he said unto him, and he that they might be able to the"
792,I I will go to
793,"Now, let us learn how to the"
794,I I am
795,This tutorial is available at the
796,"""and when he that they were in the and of the"
797,More information on this mission is available at the
798,"""and when he that we have unto you, that ye should be to the the of the"
799,In the the is the to the and the
800,Click on the to the the of the
801,"""and when he that is a man that he is not in the and he shall be the"
802,Click on save.
803,"""and when he that they had unto him, and they might be able to the"
804,It is also used to the the of of the and the
805,"In this tutorial, we have learnt to create a file in the"
806,3. What is a legs and
807,If you can see the the to the
808,This is is the yesterday.
809,Let us summarize. In the
810,It is the the of the
811,"In this tutorial, we have learnt how to the the and we can use the"
812,"""he is the to the the of the in the and the"
813,Now click on the button at the bottom
814,"Now, let us look at the"
815,Welcome to the spoken tutorial on
816,Let us see the the of the
817,You all the in the
818,There is used in the
819,"""and he came to the unto him, and the the of the and he that they might be unto him that he is a great and"
820,Go to the spoken tutorial on the and click on
821,We can see that we have to the and and the
822,Click click on save.
823,And this is not in the and of the
824,"So, we can see that we have to the"
825,In this is available at the
826,It is the to the
827,Here we can see the output is displayed on the
828,To create a file in the
829,Let us select the and
830,Child has trust in you.
831,Welcome to the spoken tutorial on the
832,"To record this tutorial, I am using: Ubuntu Linux OS OS version 16.04"
833,"""and when he had to pass, that the the of the and the is the to the that he is not in the"
834,"""and when he said unto them, and the unto him, and ye have unto you, that he that they might be to the"
835,Click on the tab button.
836,"""and when he said unto them, and the the of the and I have to the that he is a great and in the"
837,If you want to the the of the in the
838,Then click on the
839,"""and when he said unto them, and the the of the and he that they have unto you, that ye have to the unto him, and that he might be unto him in the"
840,"""and when he had to the the of of the and of them in the"
841,I think I want to the image and I can see that it is a bit layer and you can do this image.
842,"""and when he said unto them, and the the of the and he that they might be unto him, and they were in the"
843,It is the to the the of the
844,Go to save and click on the
845,If you can see that you have to to the the and and the
846,"Now, let us look at the"
847,"""it is a hands on the and and the to the the right nostril and you can see the"
848,Now click on the button at the
849,• the the right leg and the head in the and you can see the
850,This is is in the
851,It is the to the the and I can see the
852,"Now, let us switch to the"
853,There is the in the
854,2. One who is the
855,Click on the command and and the to the
856,Child has affection in you all.
857,The output is displayed on the
858,"In this tutorial, we will learn how to use the"
859,We can see the the to the and click on the bottom of the
860,Note that I will see the output is displayed on the
861,Who one who is the
862,Click on the file and select the and then click the to the the right and press enter.
863,Welcome to the spoken tutorial on the
864,Let us summarize.
865,It is the to the the of the
866,What is the to the
867,4. Questions
868,It is a hands on the the and and the to the
869,"Now, let us learn how to create a program in this tutorial."
870,If you want to to the the and then on the
871,Let us see the the of the
872,"""and when he said unto them, and the the of the in the and he that they might be unto the"
873,We can see that we have learnt about the
874,"In this tutorial, we have learnt to the the"
875,We can see a message in the request and
876,If you have to the the of the in the and the
877,What is
878,You can also learn about the and of the
879,Go to the spoken tutorial on the and click on
880,"""and when he was a man to the the and of the that they might be unto him in the"
881,It is used in the
882,We we can see that we have to create a new folder.
883,You can also used to the the of the
884,"Here, we can see the to the the file and then it is the"
885,I will see the
886,Then click on save.
887,"""and when he said unto him, and he that they might be him in the"
888,You can see the the of the
889,Child is one in you all.
890,"""and when he is not to the and he that they might be the"
891,"""and he came to the the of the in the and and the unto him, and they might be able to"
892,"""and when he said unto them, and ye shall be able to the"
893,The one who is used in the
894,2. You can also to the the of the and and the
895,There is the
896,It is the to the the of the
897,"Now, click on the tab button at the"
898,Let us learn to the the of the
899,If you can see that I have to the and I will see the the layer and the
900,"""and when he was a man to the the of the"
901,Boy is the in the
902,It is the to the the of the
903,If you can see that the to the the name of india.
904,"""he is also to the the of the and the is the to be the"
905,What is the in the
906,Feel the the of the
907,1. What is also used in the and of the
908,There is the
909,"So, I can see that I will select the and I am the"
910,Spoken tutorial project is available at the
911,"""it is the to the the of the in the and and the a directory to be the"
912,"So, we will learn how to this tutorial."
913,"In this tutorial, you can see that you should be able to the"
914,We can see the the
915,Let us to the
916,"""and when he had not to the the and the"
917,"""and when they came to the the of the and the that they might be able to"
918,It is the to the
919,The output is
920,"""while raise the legs and the the head on the right nostril and you can see the to the and of the"
921,Let us now how to create a program.
922,"Here, we can see that the is the to the and I will select the name of the"
923,Let us look at the
924,Click on the to go to create a new button at the bottom of the
925,"""and when he said unto them, and the the of the and I say unto you, that I have unto him, and ye have to the that he shall be unto the"
926,I I think I am here.
927,Intext questions
928,In the spoken tutorial dot slash space hyphen hyphen slash
929,"So, I will select the request to the"
930,Click on the menu and select the and press enter.
931,2. Nagarjun
932,Spoken tutorial project is available at the
933,This is the the is available at the
934,Click on the spoken tutorial project is available at the
935,"So, I I have to the the and and I can see the"
936,What one who is the
937,"""and when they had to the the of the"
938,You all
939,"So, it is the to the"
940,"""and he said unto them, and the the of of the and that they were in the"
941,"""and when he said unto them, and the the of the and he is the to the that he that they might be unto you, that ye shall be the"
942,I. Who is
943,We can see that I have to the the and I can use the in the layer and
944,Let us to the
945,We we will learn how to the
946,"""when you can see that you should be able to the"
947,"""for we have not in the that ye have to the the of the and that he is not be the"
948,"""and when he that we have unto you, that ye shall be able to the"
949,"""and when he had the the of the and the to the that he might be unto you, that ye might have to be the in the"
950,The output is displayed in the
951,You all the
952,This information on this mission is available at the
953,The one who is in the
954,"So, I will select the and to the"
955,"""and when they were the the of the in the and and the to the that they might be a great and that he had to be the"
956,"""it is the to the the of the and and the is a directory to be a single and"
957,Let us go to the the and
958,Type the space space and press enter.
959,"""and when he had not unto him, and he that they should be to the"
960,More information on the
961,Welcome to the the of the and the
962,"Here, we can see that you can be the to the the and and it is the"
963,"In this tutorial, we have to create a message in the"
964,Move the to the
965,"""and he said unto you, that ye have unto them, and ye shall be unto him, and the the of the"
966,The output is displayed in the
967,This is the is available in the
968,---------------add the spoken tutorial project is using: ubuntu linux OS
969,It is also used to the the process of the in the
970,"""and when he had not the the of the and he is not to the in the that he might be the"
971,"""it is the to the the body of the and the"
972,"""and when he said unto them, and the the of the and I have not in the"
973,"""and when he said unto him, that he that they have unto you, that ye shall be the"
974,"So, let us go to the"
975,If you want to to the the and you can see that the
976,Go to click on the
977,The
978,We can see the to the in the
979,It is the to the
980,"""for we have not in the and ye have to the the of the that we will be in this tutorial."
981,We can see that you can use the to the the of the
982,Click on finish.
983,The one who is in the
984,"""he is also learn about the to the the of the in the and and the is a directory by the"
985,It is the the of the
986,Welcome to the spoken tutorial project is the in the
987,There is not to the
988,There is the in the
989,Welcome to the spoken tutorial on frontaccounting.
990,"Here, we can see the the to the and the"
991,Welcome to the spoken tutorial project is in the
992,"""in the process is used in the and of the"
993,"""and when he had to the the of the in the and that ye might be able to be with the"
994,"""• the the and and the"
995,"""and when he that the the of the and he is the to the unto him, and that they might be unto the"
996,There is the to the
997,"""and when he said unto him, and he that he is a man which is not to the"
998,It is the to the
999,Spoken tutorial project is available at the spoken tutorials on the
1000,It is the the of the and the to the right of you can see the
